service_id,owner_plane,promotion_state,executed,probe_name,evidence_path,outbox_manifest,boundary,recognize,execute,verify,write_receipt,readback,handoff
agent_static_guard,virtual_cpu,LOCAL_PASS,true,probe_agent_static_guard,/home/runner/work/BRAINK/BRAINK/v98_protocol_compliance_config/evidence/service_probes/agent_static_guard.json,/home/runner/work/BRAINK/BRAINK/v98_protocol_compliance_config/runtime_volume/outbox/service_probes/agent_static_guard.handoff.json,local static scan; not external certification,true,true,true,true,true,true
secret_boundary_guard,virtual_cpu,LOCAL_PASS,true,probe_secret_boundary_guard,/home/runner/work/BRAINK/BRAINK/v98_protocol_compliance_config/evidence/service_probes/secret_boundary_guard.json,/home/runner/work/BRAINK/BRAINK/v98_protocol_compliance_config/runtime_volume/outbox/service_probes/secret_boundary_guard.handoff.json,reject hard-coded secrets; target-host secret store still gated,true,true,true,true,true,true
zero_heap_compiler,virtual_cpu,UNSUPPORTED_IN_THIS_RUNTIME,false,probe_zero_heap_compiler,/home/runner/work/BRAINK/BRAINK/v98_protocol_compliance_config/evidence/service_probes/zero_heap_compiler.json,/home/runner/work/BRAINK/BRAINK/v98_protocol_compliance_config/runtime_volume/outbox/service_probes/zero_heap_compiler.handoff.json,mechanical scanner; MISRA certification not claimed,true,false,false,true,true,true
peer_ack_verifier,virtual_cpu,PROVIDER_REQUIRED,false,probe_peer_ack_verifier,/home/runner/work/BRAINK/BRAINK/v98_protocol_compliance_config/evidence/service_probes/peer_ack_verifier.json,/home/runner/work/BRAINK/BRAINK/v98_protocol_compliance_config/runtime_volume/outbox/service_probes/peer_ack_verifier.handoff.json,local HMAC envelope; remote attestation provider-gated,true,false,false,true,true,true
hyper_explicit_mesh_runtime,virtual_cpu,LOCAL_PASS,true,probe_hyper_explicit_mesh_runtime,/home/runner/work/BRAINK/BRAINK/v98_protocol_compliance_config/evidence/service_probes/hyper_explicit_mesh_runtime.json,/home/runner/work/BRAINK/BRAINK/v98_protocol_compliance_config/runtime_volume/outbox/service_probes/hyper_explicit_mesh_runtime.handoff.json,local model/runtime; not physical hardware control,true,true,true,true,true,true
hemos_family_of_five_runtime,virtual_cpu,UNSUPPORTED_IN_THIS_RUNTIME,false,probe_hemos_family_of_five_runtime,/home/runner/work/BRAINK/BRAINK/v98_protocol_compliance_config/evidence/service_probes/hemos_family_of_five_runtime.json,/home/runner/work/BRAINK/BRAINK/v98_protocol_compliance_config/runtime_volume/outbox/service_probes/hemos_family_of_five_runtime.handoff.json,local consensus model; not external human governance proof,true,false,false,true,true,true
indefinite_network_runtime,virtual_cpu_network_adapter,LOCAL_PASS,true,probe_indefinite_network_runtime,/home/runner/work/BRAINK/BRAINK/v98_protocol_compliance_config/evidence/service_probes/indefinite_network_runtime.json,/home/runner/work/BRAINK/BRAINK/v98_protocol_compliance_config/runtime_volume/outbox/service_probes/indefinite_network_runtime.handoff.json,local route controller; not public internet tunnel claim,true,true,true,true,true,true
safe_asset_receipt_pipeline,virtual_cpu_volume_adapter,LOCAL_PASS,true,probe_safe_asset_receipt_pipeline,/home/runner/work/BRAINK/BRAINK/v98_protocol_compliance_config/evidence/service_probes/safe_asset_receipt_pipeline.json,/home/runner/work/BRAINK/BRAINK/v98_protocol_compliance_config/runtime_volume/outbox/service_probes/safe_asset_receipt_pipeline.handoff.json,non-secret receipt pipeline; no plaintext private-key logging,true,true,true,true,true,true
virtual_gpu_hci_dashboard,virtual_gpu,TARGET_HOST_REQUIRED,false,probe_virtual_gpu_hci_dashboard,/home/runner/work/BRAINK/BRAINK/v98_protocol_compliance_config/evidence/service_probes/virtual_gpu_hci_dashboard.json,/home/runner/work/BRAINK/BRAINK/v98_protocol_compliance_config/runtime_volume/outbox/service_probes/virtual_gpu_hci_dashboard.handoff.json,renders and visualizes state; does not promote pass state,true,false,false,true,true,true
vfs_volume_custody,vfs,LOCAL_PASS,true,probe_vfs_volume_custody,/home/runner/work/BRAINK/BRAINK/v98_protocol_compliance_config/evidence/service_probes/vfs_volume_custody.json,/home/runner/work/BRAINK/BRAINK/v98_protocol_compliance_config/runtime_volume/outbox/service_probes/vfs_volume_custody.handoff.json,append-only local custody trail; external archive/Drive provider-gated,true,true,true,true,true,true
orphan_service_reconciler,virtual_cpu,LOCAL_PASS,true,probe_orphan_service_reconciler,/home/runner/work/BRAINK/BRAINK/v98_protocol_compliance_config/evidence/service_probes/orphan_service_reconciler.json,/home/runner/work/BRAINK/BRAINK/v98_protocol_compliance_config/runtime_volume/outbox/service_probes/orphan_service_reconciler.handoff.json,maps orphaned procedures to owners/gates; does not claim runtime execution where absent,true,true,true,true,true,true
mirror_update_lane,virtual_cpu_vfs_mirror,LOCAL_PASS,true,probe_mirror_update_lane,/home/runner/work/BRAINK/BRAINK/v98_protocol_compliance_config/evidence/service_probes/mirror_update_lane.json,/home/runner/work/BRAINK/BRAINK/v98_protocol_compliance_config/runtime_volume/outbox/service_probes/mirror_update_lane.handoff.json,"mirrors research, development, standards and deployment artifacts; target-host/provider claims remain gated",true,true,true,true,true,true
agent_registry_service,virtual_cpu_governance_plane,LOCAL_PASS,true,probe_agent_registry_service,/home/runner/work/BRAINK/BRAINK/v98_protocol_compliance_config/evidence/service_probes/agent_registry_service.json,/home/runner/work/BRAINK/BRAINK/v98_protocol_compliance_config/runtime_volume/outbox/service_probes/agent_registry_service.handoff.json,defines and validates agent identity/capability routing; only acceptance harness may promote local pass,true,true,true,true,true,true
agent_runtime_service,virtual_cpu_execution_plane,LOCAL_PASS,true,probe_agent_runtime_service,/home/runner/work/BRAINK/BRAINK/v98_protocol_compliance_config/evidence/service_probes/agent_runtime_service.json,/home/runner/work/BRAINK/BRAINK/v98_protocol_compliance_config/runtime_volume/outbox/service_probes/agent_runtime_service.handoff.json,"authorizes bounded work orders against the agent registry, fails closed on denied actions, and emits receipts",true,true,true,true,true,true
btc_core_protocol_router,virtual_cpu_network_adapter,LOCAL_PASS,true,probe_btc_core_protocol_router,/home/runner/work/BRAINK/BRAINK/v98_protocol_compliance_config/evidence/service_probes/btc_core_protocol_router.json,/home/runner/work/BRAINK/BRAINK/v98_protocol_compliance_config/runtime_volume/outbox/service_probes/btc_core_protocol_router.handoff.json,"bounded Bitcoin P2P serialization and optional read-only JSON-RPC; no hard-coded credentials, no private-key logging, no live trading claim",true,true,true,true,true,true
task_milestone_monitor,virtual_cpu_worker_governance,LOCAL_PASS,true,probe_task_milestone_monitor,/home/runner/work/BRAINK/BRAINK/v98_protocol_compliance_config/evidence/service_probes/task_milestone_monitor.json,/home/runner/work/BRAINK/BRAINK/v98_protocol_compliance_config/runtime_volume/outbox/service_probes/task_milestone_monitor.handoff.json,tracks only receipt-backed completion for 100 planned tasks and triggers case-study checkpoints at 50 and 100 tasks; no telemetry-only or hash-as-proof completion,true,true,true,true,true,true
workflow_schema_guard,virtual_cpu_delivery_governance,UNSUPPORTED_IN_THIS_RUNTIME,false,unregistered_probe,/home/runner/work/BRAINK/BRAINK/v98_protocol_compliance_config/evidence/service_probes/workflow_schema_guard.json,/home/runner/work/BRAINK/BRAINK/v98_protocol_compliance_config/runtime_volume/outbox/service_probes/workflow_schema_guard.handoff.json,"validates work item, slug, branch, PR title, commit, label, RFC3339 and SemVer conventions; naming compliance is traceability support, not execution proof",true,false,false,true,true,true
software_design_deployment_workflow,virtual_cpu_delivery_governance,UNSUPPORTED_IN_THIS_RUNTIME,false,unregistered_probe,/home/runner/work/BRAINK/BRAINK/v98_protocol_compliance_config/evidence/service_probes/software_design_deployment_workflow.json,/home/runner/work/BRAINK/BRAINK/v98_protocol_compliance_config/runtime_volume/outbox/service_probes/software_design_deployment_workflow.handoff.json,"executes the design-to-deployment lifecycle as receipt-backed phases; documentation, telemetry, manifests, hashes and dashboards are not completion by themselves",true,false,false,true,true,true
test_runner,virtual_cpu_verification_plane,UNSUPPORTED_IN_THIS_RUNTIME,false,unregistered_probe,/home/runner/work/BRAINK/BRAINK/v98_protocol_compliance_config/evidence/service_probes/test_runner.json,/home/runner/work/BRAINK/BRAINK/v98_protocol_compliance_config/runtime_volume/outbox/service_probes/test_runner.handoff.json,"executes pytest-style plain functions and records TestCase coverage gaps; tests must execute, not merely exist",true,false,false,true,true,true
dependency_failure_orchestrator,virtual_cpu_resilience_plane,UNSUPPORTED_IN_THIS_RUNTIME,false,unregistered_probe,/home/runner/work/BRAINK/BRAINK/v98_protocol_compliance_config/evidence/service_probes/dependency_failure_orchestrator.json,/home/runner/work/BRAINK/BRAINK/v98_protocol_compliance_config/runtime_volume/outbox/service_probes/dependency_failure_orchestrator.handoff.json,"classifies blocked dependencies, isolates failure domains, preserves unaffected runtimes, emits bounded task packets and prevents dependency failure from becoming global runtime failure unless a proven invariant would be violated",true,false,false,true,true,true
k_cloud_adapter,virtual_cpu_deployment_plane,UNSUPPORTED_IN_THIS_RUNTIME,false,unregistered_probe,/home/runner/work/BRAINK/BRAINK/v98_protocol_compliance_config/evidence/service_probes/k_cloud_adapter.json,/home/runner/work/BRAINK/BRAINK/v98_protocol_compliance_config/runtime_volume/outbox/service_probes/k_cloud_adapter.handoff.json,"converts Vite/application output into an immutable K-APP package, performs manifest integrity readback before node execution, activates dependency policies and emits K-Cloud deployment receipts",true,false,false,true,true,true
failure_ledger,vfs_resilience_plane,UNSUPPORTED_IN_THIS_RUNTIME,false,unregistered_probe,/home/runner/work/BRAINK/BRAINK/v98_protocol_compliance_config/evidence/service_probes/failure_ledger.json,/home/runner/work/BRAINK/BRAINK/v98_protocol_compliance_config/runtime_volume/outbox/service_probes/failure_ledger.handoff.json,"records and categorizes dependency failures, continuation workflows, recovery conditions and deferred-work reconciliation without converting dependency failure into global runtime failure",true,false,false,true,true,true
health_state_monitor,virtual_cpu_health_plane,UNSUPPORTED_IN_THIS_RUNTIME,false,unregistered_probe,/home/runner/work/BRAINK/BRAINK/v98_protocol_compliance_config/evidence/service_probes/health_state_monitor.json,/home/runner/work/BRAINK/BRAINK/v98_protocol_compliance_config/runtime_volume/outbox/service_probes/health_state_monitor.handoff.json,observes registered mesh nodes and projects capability-specific degraded UI state while preserving healthy runtime domains,true,false,false,true,true,true
application_applet_packager,virtual_cpu_application_shipping_plane,UNSUPPORTED_IN_THIS_RUNTIME,false,unregistered_probe,/home/runner/work/BRAINK/BRAINK/v98_protocol_compliance_config/evidence/service_probes/application_applet_packager.json,/home/runner/work/BRAINK/BRAINK/v98_protocol_compliance_config/runtime_volume/outbox/service_probes/application_applet_packager.handoff.json,"assesses every module as application/applet/service/runtime domain, generates local K-APP packages, performs manifest integrity readback before node execution and emits catalog, matrix, receipt and outbox handoff without treating target-host gates as global failure",true,false,false,true,true,true
deployment_maturity_workplan,virtual_cpu_release_governance_plane,UNSUPPORTED_IN_THIS_RUNTIME,false,unregistered_probe,/home/runner/work/BRAINK/BRAINK/v98_protocol_compliance_config/evidence/service_probes/deployment_maturity_workplan.json,/home/runner/work/BRAINK/BRAINK/v98_protocol_compliance_config/runtime_volume/outbox/service_probes/deployment_maturity_workplan.handoff.json,"identifies issues, corrective workflows and pending workloads for every module and emits executable work packets for local shipping, target-host proof, provider proof and release splitting without using simulation or telemetry as deployment proof",true,false,false,true,true,true
current_state_surface_auditor,virtual_cpu_current_state_audit_plane,UNSUPPORTED_IN_THIS_RUNTIME,false,unregistered_probe,/home/runner/work/BRAINK/BRAINK/v98_protocol_compliance_config/evidence/service_probes/current_state_surface_auditor.json,/home/runner/work/BRAINK/BRAINK/v98_protocol_compliance_config/runtime_volume/outbox/service_probes/current_state_surface_auditor.handoff.json,"audits current desktop, emulator, server, hardware abstraction and agent surfaces against shippable K-APP and receipt-backed deployment criteria; action history, random telemetry and UI wiring are diagnostic inputs only, not proof",true,false,false,true,true,true
evidence_context_resolver,virtual_cpu_evidence_reasoning_plane,UNSUPPORTED_IN_THIS_RUNTIME,false,unregistered_probe,/home/runner/work/BRAINK/BRAINK/v98_protocol_compliance_config/evidence/service_probes/evidence_context_resolver.json,/home/runner/work/BRAINK/BRAINK/v98_protocol_compliance_config/runtime_volume/outbox/service_probes/evidence_context_resolver.handoff.json,"implements S=f(I,V,O,E,X,R,L), preserves invariants and variants, and prevents single signals such as Math.random, ONLINE, ATTESTED, TPU, quantum core or simulated from becoming terminal judgements without contextual readback",true,false,false,true,true,true
semantic_knowledge_graph,virtual_cpu_semantic_governance_plane,UNSUPPORTED_IN_THIS_RUNTIME,false,unregistered_probe,/home/runner/work/BRAINK/BRAINK/v98_protocol_compliance_config/evidence/service_probes/semantic_knowledge_graph.json,/home/runner/work/BRAINK/BRAINK/v98_protocol_compliance_config/runtime_volume/outbox/service_probes/semantic_knowledge_graph.handoff.json,"turns words, expressions, services, code bindings, transitions and receipts into an executable knowledge graph so implementations can explain their meaning, authority, sector, service and evidence lineage",true,false,false,true,true,true
four_plane_context_framework,virtual_cpu_context_governance_plane,UNSUPPORTED_IN_THIS_RUNTIME,false,unregistered_probe,/home/runner/work/BRAINK/BRAINK/v98_protocol_compliance_config/evidence/service_probes/four_plane_context_framework.json,/home/runner/work/BRAINK/BRAINK/v98_protocol_compliance_config/runtime_volume/outbox/service_probes/four_plane_context_framework.handoff.json,"preserves separate I,V,O,E,X,R,L for output, thinking, legal perspective and software service planes and prevents cross-plane inheritance such as software tests becoming legal conclusions or polished output becoming reasoning proof",true,false,false,true,true,true
